[{"model": "admin.logentry", "pk": 1, "fields": {"action_time": "2021-04-29T14:59:59.459Z", "user": 1, "content_type": 7, "object_id": "1", "object_repr": "APX: APXXXX", "action_flag": 1, "change_message": "[{\"added\": {}}]"}}, {"model": "admin.logentry", "pk": 2, "fields": {"action_time": "2021-04-29T15:18:40.910Z", "user": 1, "content_type": 10, "object_id": "2", "object_repr": "Registro valores (Rúbrica de Enfermería Piso)", "action_flag": 2, "change_message": "[{\"changed\": {\"fields\": [\"Apes\"]}}]"}}, {"model": "admin.logentry", "pk": 3, "fields": {"action_time": "2021-04-29T15:20:37.632Z", "user": 1, "content_type": 15, "object_id": "1", "object_repr": "Pediatría", "action_flag": 2, "change_message": "[]"}}, {"model": "admin.logentry", "pk": 4, "fields": {"action_time": "2021-04-29T15:28:48.782Z", "user": 1, "content_type": 11, "object_id": "1", "object_repr": "Hospitalización 1-2020-20", "action_flag": 2, "change_message": "[{\"changed\": {\"fields\": [\"Patologias\", \"Procedimientos\"]}}]"}}, {"model": "admin.logentry", "pk": 5, "fields": {"action_time": "2021-04-29T15:29:19.198Z", "user": 1, "content_type": 18, "object_id": "1", "object_repr": "Rúbrica de Enfermería Piso", "action_flag": 2, "change_message": "[{\"changed\": {\"fields\": [\"Apes\", \"Competencias\", \"Cursos\"]}}]"}}, {"model": "admin.logentry", "pk": 6, "fields": {"action_time": "2021-04-29T15:48:52.767Z", "user": 1, "content_type": 22, "object_id": "3", "object_repr": "Semana 3 (10.0%) --> Rúbrica de Enfermería Piso / Hospitalización 1-2020-20", "action_flag": 2, "change_message": "[{\"changed\": {\"fields\": [\"Nombre\"]}}]"}}, {"model": "auth.permission", "pk": 1, "fields": {"name": "Can add log entry", "content_type": 1, "codename": "add_logentry"}}, {"model": "auth.permission", "pk": 2, "fields": {"name": "Can change log entry", "content_type": 1, "codename": "change_logentry"}}, {"model": "auth.permission", "pk": 3, "fields": {"name": "Can delete log entry", "content_type": 1, "codename": "delete_logentry"}}, {"model": "auth.permission", "pk": 4, "fields": {"name": "Can view log entry", "content_type": 1, "codename": "view_logentry"}}, {"model": "auth.permission", "pk": 5, "fields": {"name": "Can add permission", "content_type": 2, "codename": "add_permission"}}, {"model": "auth.permission", "pk": 6, "fields": {"name": "Can change permission", "content_type": 2, "codename": "change_permission"}}, {"model": "auth.permission", "pk": 7, "fields": {"name": "Can delete permission", "content_type": 2, "codename": "delete_permission"}}, {"model": "auth.permission", "pk": 8, "fields": {"name": "Can view permission", "content_type": 2, "codename": "view_permission"}}, {"model": "auth.permission", "pk": 9, "fields": {"name": "Can add group", "content_type": 3, "codename": "add_group"}}, {"model": "auth.permission", "pk": 10, "fields": {"name": "Can change group", "content_type": 3, "codename": "change_group"}}, {"model": "auth.permission", "pk": 11, "fields": {"name": "Can delete group", "content_type": 3, "codename": "delete_group"}}, {"model": "auth.permission", "pk": 12, "fields": {"name": "Can view group", "content_type": 3, "codename": "view_group"}}, {"model": "auth.permission", "pk": 13, "fields": {"name": "Can add user", "content_type": 4, "codename": "add_user"}}, {"model": "auth.permission", "pk": 14, "fields": {"name": "Can change user", "content_type": 4, "codename": "change_user"}}, {"model": "auth.permission", "pk": 15, "fields": {"name": "Can delete user", "content_type": 4, "codename": "delete_user"}}, {"model": "auth.permission", "pk": 16, "fields": {"name": "Can view user", "content_type": 4, "codename": "view_user"}}, {"model": "auth.permission", "pk": 17, "fields": {"name": "Can add content type", "content_type": 5, "codename": "add_contenttype"}}, {"model": "auth.permission", "pk": 18, "fields": {"name": "Can change content type", "content_type": 5, "codename": "change_contenttype"}}, {"model": "auth.permission", "pk": 19, "fields": {"name": "Can delete content type", "content_type": 5, "codename": "delete_contenttype"}}, {"model": "auth.permission", "pk": 20, "fields": {"name": "Can view content type", "content_type": 5, "codename": "view_contenttype"}}, {"model": "auth.permission", "pk": 21, "fields": {"name": "Can add session", "content_type": 6, "codename": "add_session"}}, {"model": "auth.permission", "pk": 22, "fields": {"name": "Can change session", "content_type": 6, "codename": "change_session"}}, {"model": "auth.permission", "pk": 23, "fields": {"name": "Can delete session", "content_type": 6, "codename": "delete_session"}}, {"model": "auth.permission", "pk": 24, "fields": {"name": "Can view session", "content_type": 6, "codename": "view_session"}}, {"model": "auth.permission", "pk": 25, "fields": {"name": "Can add ape", "content_type": 7, "codename": "add_ape"}}, {"model": "auth.permission", "pk": 26, "fields": {"name": "Can change ape", "content_type": 7, "codename": "change_ape"}}, {"model": "auth.permission", "pk": 27, "fields": {"name": "Can delete ape", "content_type": 7, "codename": "delete_ape"}}, {"model": "auth.permission", "pk": 28, "fields": {"name": "Can view ape", "content_type": 7, "codename": "view_ape"}}, {"model": "auth.permission", "pk": 29, "fields": {"name": "Can add capitulo procedimientos", "content_type": 8, "codename": "add_capituloprocedimientos"}}, {"model": "auth.permission", "pk": 30, "fields": {"name": "Can change capitulo procedimientos", "content_type": 8, "codename": "change_capituloprocedimientos"}}, {"model": "auth.permission", "pk": 31, "fields": {"name": "Can delete capitulo procedimientos", "content_type": 8, "codename": "delete_capituloprocedimientos"}}, {"model": "auth.permission", "pk": 32, "fields": {"name": "Can view capitulo procedimientos", "content_type": 8, "codename": "view_capituloprocedimientos"}}, {"model": "auth.permission", "pk": 33, "fields": {"name": "Can add competencia", "content_type": 9, "codename": "add_competencia"}}, {"model": "auth.permission", "pk": 34, "fields": {"name": "Can change competencia", "content_type": 9, "codename": "change_competencia"}}, {"model": "auth.permission", "pk": 35, "fields": {"name": "Can delete competencia", "content_type": 9, "codename": "delete_competencia"}}, {"model": "auth.permission", "pk": 36, "fields": {"name": "Can view competencia", "content_type": 9, "codename": "view_competencia"}}, {"model": "auth.permission", "pk": 37, "fields": {"name": "Can add criterio", "content_type": 10, "codename": "add_criterio"}}, {"model": "auth.permission", "pk": 38, "fields": {"name": "Can change criterio", "content_type": 10, "codename": "change_criterio"}}, {"model": "auth.permission", "pk": 39, "fields": {"name": "Can delete criterio", "content_type": 10, "codename": "delete_criterio"}}, {"model": "auth.permission", "pk": 40, "fields": {"name": "Can view criterio", "content_type": 10, "codename": "view_criterio"}}, {"model": "auth.permission", "pk": 41, "fields": {"name": "Can add curso", "content_type": 11, "codename": "add_curso"}}, {"model": "auth.permission", "pk": 42, "fields": {"name": "Can change curso", "content_type": 11, "codename": "change_curso"}}, {"model": "auth.permission", "pk": 43, "fields": {"name": "Can delete curso", "content_type": 11, "codename": "delete_curso"}}, {"model": "auth.permission", "pk": 44, "fields": {"name": "Can view curso", "content_type": 11, "codename": "view_curso"}}, {"model": "auth.permission", "pk": 45, "fields": {"name": "Can add grupo competencia", "content_type": 12, "codename": "add_grupocompetencia"}}, {"model": "auth.permission", "pk": 46, "fields": {"name": "Can change grupo competencia", "content_type": 12, "codename": "change_grupocompetencia"}}, {"model": "auth.permission", "pk": 47, "fields": {"name": "Can delete grupo competencia", "content_type": 12, "codename": "delete_grupocompetencia"}}, {"model": "auth.permission", "pk": 48, "fields": {"name": "Can view grupo competencia", "content_type": 12, "codename": "view_grupocompetencia"}}, {"model": "auth.permission", "pk": 49, "fields": {"name": "Can add patologia", "content_type": 13, "codename": "add_patologia"}}, {"model": "auth.permission", "pk": 50, "fields": {"name": "Can change patologia", "content_type": 13, "codename": "change_patologia"}}, {"model": "auth.permission", "pk": 51, "fields": {"name": "Can delete patologia", "content_type": 13, "codename": "delete_patologia"}}, {"model": "auth.permission", "pk": 52, "fields": {"name": "Can view patologia", "content_type": 13, "codename": "view_patologia"}}, {"model": "auth.permission", "pk": 53, "fields": {"name": "Can add procedimiento", "content_type": 14, "codename": "add_procedimiento"}}, {"model": "auth.permission", "pk": 54, "fields": {"name": "Can change procedimiento", "content_type": 14, "codename": "change_procedimiento"}}, {"model": "auth.permission", "pk": 55, "fields": {"name": "Can delete procedimiento", "content_type": 14, "codename": "delete_procedimiento"}}, {"model": "auth.permission", "pk": 56, "fields": {"name": "Can view procedimiento", "content_type": 14, "codename": "view_procedimiento"}}, {"model": "auth.permission", "pk": 57, "fields": {"name": "Can add programa", "content_type": 15, "codename": "add_programa"}}, {"model": "auth.permission", "pk": 58, "fields": {"name": "Can change programa", "content_type": 15, "codename": "change_programa"}}, {"model": "auth.permission", "pk": 59, "fields": {"name": "Can delete programa", "content_type": 15, "codename": "delete_programa"}}, {"model": "auth.permission", "pk": 60, "fields": {"name": "Can view programa", "content_type": 15, "codename": "view_programa"}}, {"model": "auth.permission", "pk": 61, "fields": {"name": "Can add seccion procedimientos", "content_type": 16, "codename": "add_seccionprocedimientos"}}, {"model": "auth.permission", "pk": 62, "fields": {"name": "Can change seccion procedimientos", "content_type": 16, "codename": "change_seccionprocedimientos"}}, {"model": "auth.permission", "pk": 63, "fields": {"name": "Can delete seccion procedimientos", "content_type": 16, "codename": "delete_seccionprocedimientos"}}, {"model": "auth.permission", "pk": 64, "fields": {"name": "Can view seccion procedimientos", "content_type": 16, "codename": "view_seccionprocedimientos"}}, {"model": "auth.permission", "pk": 65, "fields": {"name": "Can add seccion", "content_type": 17, "codename": "add_seccion"}}, {"model": "auth.permission", "pk": 66, "fields": {"name": "Can change seccion", "content_type": 17, "codename": "change_seccion"}}, {"model": "auth.permission", "pk": 67, "fields": {"name": "Can delete seccion", "content_type": 17, "codename": "delete_seccion"}}, {"model": "auth.permission", "pk": 68, "fields": {"name": "Can view seccion", "content_type": 17, "codename": "view_seccion"}}, {"model": "auth.permission", "pk": 69, "fields": {"name": "Can add rubrica", "content_type": 18, "codename": "add_rubrica"}}, {"model": "auth.permission", "pk": 70, "fields": {"name": "Can change rubrica", "content_type": 18, "codename": "change_rubrica"}}, {"model": "auth.permission", "pk": 71, "fields": {"name": "Can delete rubrica", "content_type": 18, "codename": "delete_rubrica"}}, {"model": "auth.permission", "pk": 72, "fields": {"name": "Can view rubrica", "content_type": 18, "codename": "view_rubrica"}}, {"model": "auth.permission", "pk": 73, "fields": {"name": "Can add nivel criterio", "content_type": 19, "codename": "add_nivelcriterio"}}, {"model": "auth.permission", "pk": 74, "fields": {"name": "Can change nivel criterio", "content_type": 19, "codename": "change_nivelcriterio"}}, {"model": "auth.permission", "pk": 75, "fields": {"name": "Can delete nivel criterio", "content_type": 19, "codename": "delete_nivelcriterio"}}, {"model": "auth.permission", "pk": 76, "fields": {"name": "Can view nivel criterio", "content_type": 19, "codename": "view_nivelcriterio"}}, {"model": "auth.permission", "pk": 77, "fields": {"name": "Can add item calificacion", "content_type": 20, "codename": "add_itemcalificacion"}}, {"model": "auth.permission", "pk": 78, "fields": {"name": "Can change item calificacion", "content_type": 20, "codename": "change_itemcalificacion"}}, {"model": "auth.permission", "pk": 79, "fields": {"name": "Can delete item calificacion", "content_type": 20, "codename": "delete_itemcalificacion"}}, {"model": "auth.permission", "pk": 80, "fields": {"name": "Can view item calificacion", "content_type": 20, "codename": "view_itemcalificacion"}}, {"model": "auth.permission", "pk": 81, "fields": {"name": "Can add item calificacion seccion", "content_type": 21, "codename": "add_itemcalificacionseccion"}}, {"model": "auth.permission", "pk": 82, "fields": {"name": "Can change item calificacion seccion", "content_type": 21, "codename": "change_itemcalificacionseccion"}}, {"model": "auth.permission", "pk": 83, "fields": {"name": "Can delete item calificacion seccion", "content_type": 21, "codename": "delete_itemcalificacionseccion"}}, {"model": "auth.permission", "pk": 84, "fields": {"name": "Can view item calificacion seccion", "content_type": 21, "codename": "view_itemcalificacionseccion"}}, {"model": "auth.permission", "pk": 85, "fields": {"name": "Can add item calificacion curso", "content_type": 22, "codename": "add_itemcalificacioncurso"}}, {"model": "auth.permission", "pk": 86, "fields": {"name": "Can change item calificacion curso", "content_type": 22, "codename": "change_itemcalificacioncurso"}}, {"model": "auth.permission", "pk": 87, "fields": {"name": "Can delete item calificacion curso", "content_type": 22, "codename": "delete_itemcalificacioncurso"}}, {"model": "auth.permission", "pk": 88, "fields": {"name": "Can view item calificacion curso", "content_type": 22, "codename": "view_itemcalificacioncurso"}}, {"model": "auth.permission", "pk": 89, "fields": {"name": "Can add rubrica seccion", "content_type": 23, "codename": "add_rubricaseccion"}}, {"model": "auth.permission", "pk": 90, "fields": {"name": "Can change rubrica seccion", "content_type": 23, "codename": "change_rubricaseccion"}}, {"model": "auth.permission", "pk": 91, "fields": {"name": "Can delete rubrica seccion", "content_type": 23, "codename": "delete_rubricaseccion"}}, {"model": "auth.permission", "pk": 92, "fields": {"name": "Can view rubrica seccion", "content_type": 23, "codename": "view_rubricaseccion"}}, {"model": "auth.permission", "pk": 93, "fields": {"name": "Can add rubrica curso", "content_type": 24, "codename": "add_rubricacurso"}}, {"model": "auth.permission", "pk": 94, "fields": {"name": "Can change rubrica curso", "content_type": 24, "codename": "change_rubricacurso"}}, {"model": "auth.permission", "pk": 95, "fields": {"name": "Can delete rubrica curso", "content_type": 24, "codename": "delete_rubricacurso"}}, {"model": "auth.permission", "pk": 96, "fields": {"name": "Can view rubrica curso", "content_type": 24, "codename": "view_rubricacurso"}}, {"model": "auth.permission", "pk": 97, "fields": {"name": "Can add rubrica programa", "content_type": 25, "codename": "add_rubricaprograma"}}, {"model": "auth.permission", "pk": 98, "fields": {"name": "Can change rubrica programa", "content_type": 25, "codename": "change_rubricaprograma"}}, {"model": "auth.permission", "pk": 99, "fields": {"name": "Can delete rubrica programa", "content_type": 25, "codename": "delete_rubricaprograma"}}, {"model": "auth.permission", "pk": 100, "fields": {"name": "Can view rubrica programa", "content_type": 25, "codename": "view_rubricaprograma"}}, {"model": "auth.user", "pk": 1, "fields": {"password": "pbkdf2_sha256$216000$09XItG5Ysw0x$ELtR+zdRpYrr2fj9JjHQmCgnmjZ+ig9iPlwAeViGj0s=", "last_login": "2021-06-22T05:08:02.167Z", "is_superuser": true, "username": "admin1", "first_name": "", "last_name": "", "email": "", "is_staff": true, "is_active": true, "date_joined": "2021-04-29T14:58:23.329Z", "groups": [], "user_permissions": []}}, {"model": "contenttypes.contenttype", "pk": 1, "fields": {"app_label": "admin", "model": "logentry"}}, {"model": "contenttypes.contenttype", "pk": 2, "fields": {"app_label": "auth", "model": "permission"}}, {"model": "contenttypes.contenttype", "pk": 3, "fields": {"app_label": "auth", "model": "group"}}, {"model": "contenttypes.contenttype", "pk": 4, "fields": {"app_label": "auth", "model": "user"}}, {"model": "contenttypes.contenttype", "pk": 5, "fields": {"app_label": "contenttypes", "model": "contenttype"}}, {"model": "contenttypes.contenttype", "pk": 6, "fields": {"app_label": "sessions", "model": "session"}}, {"model": "contenttypes.contenttype", "pk": 7, "fields": {"app_label": "rubricas", "model": "ape"}}, {"model": "contenttypes.contenttype", "pk": 8, "fields": {"app_label": "rubricas", "model": "capituloprocedimientos"}}, {"model": "contenttypes.contenttype", "pk": 9, "fields": {"app_label": "rubricas", "model": "competencia"}}, {"model": "contenttypes.contenttype", "pk": 10, "fields": {"app_label": "rubricas", "model": "criterio"}}, {"model": "contenttypes.contenttype", "pk": 11, "fields": {"app_label": "rubricas", "model": "curso"}}, {"model": "contenttypes.contenttype", "pk": 12, "fields": {"app_label": "rubricas", "model": "grupocompetencia"}}, {"model": "contenttypes.contenttype", "pk": 13, "fields": {"app_label": "rubricas", "model": "patologia"}}, {"model": "contenttypes.contenttype", "pk": 14, "fields": {"app_label": "rubricas", "model": "procedimiento"}}, {"model": "contenttypes.contenttype", "pk": 15, "fields": {"app_label": "rubricas", "model": "programa"}}, {"model": "contenttypes.contenttype", "pk": 16, "fields": {"app_label": "rubricas", "model": "seccionprocedimientos"}}, {"model": "contenttypes.contenttype", "pk": 17, "fields": {"app_label": "rubricas", "model": "seccion"}}, {"model": "contenttypes.contenttype", "pk": 18, "fields": {"app_label": "rubricas", "model": "rubrica"}}, {"model": "contenttypes.contenttype", "pk": 19, "fields": {"app_label": "rubricas", "model": "nivelcriterio"}}, {"model": "contenttypes.contenttype", "pk": 20, "fields": {"app_label": "rubricas", "model": "itemcalificacion"}}, {"model": "contenttypes.contenttype", "pk": 21, "fields": {"app_label": "rubricas", "model": "itemcalificacionseccion"}}, {"model": "contenttypes.contenttype", "pk": 22, "fields": {"app_label": "rubricas", "model": "itemcalificacioncurso"}}, {"model": "contenttypes.contenttype", "pk": 23, "fields": {"app_label": "rubricas", "model": "rubricaseccion"}}, {"model": "contenttypes.contenttype", "pk": 24, "fields": {"app_label": "rubricas", "model": "rubricacurso"}}, {"model": "contenttypes.contenttype", "pk": 25, "fields": {"app_label": "rubricas", "model": "rubricaprograma"}}, {"model": "sessions.session", "pk": "4ir97zs093234obzpfaq7yoqzd17bteu", "fields": {"session_data": ".eJxVjMsOwiAQRf-FdUOglFJcujcx_kAzMIPFB5g-VsZ_lyZNqttzz7lvtkwLjDGzAwN8xiRZxeb4yv3Oz5fCIu5EVqyHZR4KobGPWJw1-2EO_J3SOuAN0jVzn9M8RsdXhW_rxE8Z6XHc3L-DAaah1Mp2aGoJrkXUvrFklTedCYJC0Fqht162tQWBmoyqpXUUOpKNVI3wBgT7fAHoHknR:1lvYdm:91NFRd29CLPSGXQJRdULlD0dibqxZ5MyUmwHL87B30E", "expire_date": "2021-07-06T05:08:02.168Z"}}, {"model": "sessions.session", "pk": "93eh5qd2g5asfx9wsjuisc9biv8gpgyh", "fields": {"session_data": ".eJxVjMsOwiAQRf-FtSEMlAIu3fsNzTAzSNWUpI-V8d-1SRe6veec-1IDbmsdtkXmYWR1VqBOv1tGesi0A77jdGua2rTOY9a7og-66GtjeV4O9--g4lK_tUuRgwXMPbOnLklyFGIoRkrx3jElgt4mNOwlOAspS4kCHbjOUECj3h_qEzff:1lmNk3:Az3HVsJUjrvvivYMrQQQGVGP3kB-WLzA8t8rwH_Gil0", "expire_date": "2021-06-10T21:40:35.260Z"}}, {"model": "sessions.session", "pk": "qk7gxzptpxkvjbrrovicatgg6ud395nd", "fields": {"session_data": ".eJxVjMsOwiAQRf-FtSEMlAIu3fsNzTAzSNWUpI-V8d-1SRe6veec-1IDbmsdtkXmYWR1VqBOv1tGesi0A77jdGua2rTOY9a7og-66GtjeV4O9--g4lK_tUuRgwXMPbOnLklyFGIoRkrx3jElgt4mNOwlOAspS4kCHbjOUECj3h_qEzff:1lc87m:Qk-m7VyoUoRbuGnm8hh5gkfj5waE3M4895ctHiUaklY", "expire_date": "2021-05-13T14:58:42.279Z"}}, {"model": "rubricas.patologia", "pk": 181, "fields": {"contenedora": null, "codigo": "A00", "nombre": "COLERA", "descripcion": ""}}, {"model": "rubricas.patologia", "pk": 182, "fields": {"contenedora": 181, "codigo": "A000", "nombre": "BIOTIPO CHOLERAE", "descripcion": ""}}, {"model": "rubricas.patologia", "pk": 183, "fields": {"contenedora": 181, "codigo": "A001", "nombre": "BIOTIPO EL TOR", "descripcion": ""}}, {"model": "rubricas.patologia", "pk": 184, "fields": {"contenedora": 181, "codigo": "A009", "nombre": "COLERA NO ESPECIFICADO", "descripcion": ""}}, {"model": "rubricas.patologia", "pk": 185, "fields": {"contenedora": null, "codigo": "A01", "nombre": "FIEBRES TIFOIDEA Y PARATIFOIDEA", "descripcion": ""}}, {"model": "rubricas.seccionprocedimientos", "pk": 37, "fields": {"codigo": "00", "nombre": "PROCEDIMIENTOS QUIRÚRGICOS E INTERVENCIONISTAS"}}, {"model": "rubricas.capituloprocedimientos", "pk": 37, "fields": {"seccion": 37, "codigo": "00", "nombre": "SISTEMA NERVIOSO"}}, {"model": "rubricas.procedimiento", "pk": 325, "fields": {"contenedora": null, "seccion": 37, "capitulo": 37, "codigo": "01", "nombre": "PROCEDIMIENTOS EN CRÁNEO, CEREBRO Y MENINGES CEREBRALES"}}, {"model": "rubricas.procedimiento", "pk": 326, "fields": {"contenedora": 325, "seccion": 37, "capitulo": 37, "codigo": "01.0", "nombre": "INCISIÓN DE CRÁNEO (PUNCIONES EN CRÁNEO)"}}, {"model": "rubricas.procedimiento", "pk": 327, "fields": {"contenedora": 326, "seccion": 37, "capitulo": 37, "codigo": "01.0.1", "nombre": "PUNCIONES EN CISTERNA"}}, {"model": "rubricas.procedimiento", "pk": 328, "fields": {"contenedora": 327, "seccion": 37, "capitulo": 37, "codigo": "01.0.1.01", "nombre": "PUNCIÓN CISTERNAL, VÍA LATERAL"}}, {"model": "rubricas.procedimiento", "pk": 329, "fields": {"contenedora": 327, "seccion": 37, "capitulo": 37, "codigo": "01.0.1.02", "nombre": "PUNCIÓN CISTERNAL, VÍA MEDIAL"}}, {"model": "rubricas.procedimiento", "pk": 330, "fields": {"contenedora": 327, "seccion": 37, "capitulo": 37, "codigo": "01.0.1.03", "nombre": "PUNCIÓN CISTERNAL"}}, {"model": "rubricas.procedimiento", "pk": 331, "fields": {"contenedora": 326, "seccion": 37, "capitulo": 37, "codigo": "01.0.9", "nombre": "PUNCIÓN CRANEAL"}}, {"model": "rubricas.procedimiento", "pk": 332, "fields": {"contenedora": 331, "seccion": 37, "capitulo": 37, "codigo": "01.0.9.01", "nombre": "PUNCIÓN SUBDURAL"}}, {"model": "rubricas.procedimiento", "pk": 333, "fields": {"contenedora": 331, "seccion": 37, "capitulo": 37, "codigo": "01.0.9.02", "nombre": "OTRA PUNCIÓN CRANEAL "}}, {"model": "rubricas.grupocompetencia", "pk": 109, "fields": {"nombre_corto": "Conocimientos para la Práctica", "nombre_largo": "Conoce, investiga, analiza críticamente y aplica los fundamentos de las ciencias básicas y clínicas a la solución de los problemas de la especialidad.", "sigla": "CPP", "descripcion": null}}, {"model": "rubricas.grupocompetencia", "pk": 110, "fields": {"nombre_corto": "Cuidado y atención del paciente. Habilidades clínicas y quirúrgicas", "nombre_largo": "Reúne la información necesaria, estudia, diagnostica, desarrolla y aplica planes de prevención, tratamiento y rehabilitación necesarios para el cuidado integral de los pacientes de su especialidad. Analiza críticamente este proceso y su evolución identificando problemas o inconsistencias y puede replantear, corregir y mejorar el cuidado del paciente.", "sigla": "HC", "descripcion": null}}, {"model": "rubricas.grupocompetencia", "pk": 111, "fields": {"nombre_corto": "Aprendizaje basado en la práctica y el mejoramiento", "nombre_largo": "Reconoce la importancia y las limitaciones de la práctica médica estandarizada y basada en la evidencia científica. Identifica problemas o inconsistencias en su práctica médica, busca y analiza críticamente la literatura para dar solución a los problemas planteados.", "sigla": "ABP", "descripcion": null}}, {"model": "rubricas.competencia", "pk": 109, "fields": {"grupo": 110, "nombre": "Reúne la información necesaria de manera organizada, identificando y profundizando en datos clínicos relevantes. valora la salud, la dinámica familiar el contexto social.", "sigla": "HC1", "descripcion": null}}, {"model": "rubricas.competencia", "pk": 110, "fields": {"grupo": 110, "nombre": "Realiza un examen organizado, completo y minucioso, identificando los signos clínicos relevante, teniendo en cuenta la situación y necesidades del paciente.", "sigla": "HC2", "descripcion": null}}, {"model": "rubricas.competencia", "pk": 111, "fields": {"grupo": 110, "nombre": "Sintetiza, analiza la información y establece diagnósticos diferenciales y planes de estudio y tratamiento apropiados.", "sigla": "HC3", "descripcion": null}}, {"model": "rubricas.programa", "pk": 37, "fields": {"nombre": "Pediatría", "codigo": "PEDI", "apes": [503, 504, 505, 506, 507, 508, 509, 510, 511, 512, 513, 514], "competencias": [109, 110, 111]}}, {"model": "rubricas.curso", "pk": 37, "fields": {"programa": 37, "nombre": "Hospitalización 1", "nombre_interno": "Hospitalización 1 v202020", "codigo": "PEDI-5101", "semestre": "2020-20", "descripcion": "Las rotaciones clínicas permiten que el residente tenga contacto y bajo supervisión atienda pacientes con las patologías frecuentes de un área o subespecialidad específica, aprenda a usar las pruebas, los procedimientos diagnósticos, el tratamiento integral de estas patologías o situaciones clínicas.", "apes": [503, 504, 505, 506, 511, 513, 514], "competencias": [109, 111], "patologias": [], "procedimientos": []}}, {"model": "rubricas.seccion", "pk": 73, "fields": {"curso": 37, "numero": 1, "identificador_bs": null}}, {"model": "rubricas.seccion", "pk": 74, "fields": {"curso": 37, "numero": 2, "identificador_bs": null}}, {"model": "rubricas.ape", "pk": 503, "fields": {"nombre_corto": "Historia clínica", "nombre_largo": "Hace una historia clínica completa y detallada del paciente pediátrico, tiene en cuenta el crecimiento, desarrollo y comportamiento del paciente de acuerdo con los grupos de edad.", "sigla": "APE1", "descripcion": "Hace una historia clínica completa y detallada del paciente pediátrico, tiene en cuenta el crecimiento, desarrollo y comportamiento del paciente de acuerdo con los grupos de edad."}}, {"model": "rubricas.ape", "pk": 504, "fields": {"nombre_corto": "Valoración clínica", "nombre_largo": "Valora adecuadamente el crecimiento y desarrollo (físico, motriz, cognitivo, nutricional y socioemocional), la salud oral, visual, mental, sexual y reproductiva), la dinámica familiar, el contexto social y las redes de apoyo.", "sigla": "APE2", "descripcion": "Valora adecuadamente el crecimiento y desarrollo (físico, motriz, cognitivo, nutricional y socioemocional), la salud oral, visual, mental, sexual y reproductiva), la dinámica familiar, el contexto social y las redes de apoyo."}}, {"model": "rubricas.ape", "pk": 505, "fields": {"nombre_corto": "Diagnósticos", "nombre_largo": "Identifica y prioriza los diagnósticos diferenciales, conoce y usa adecuadamente las pruebas diagnósticas indicadas.", "sigla": "APE3", "descripcion": "Identifica y prioriza los diagnósticos diferenciales, conoce y usa adecuadamente las pruebas diagnósticas indicadas."}}, {"model": "rubricas.ape", "pk": 506, "fields": {"nombre_corto": "Manejo integral", "nombre_largo": "Establece un Plan de manejo integral y seguimiento, trabaja en equipo, hace el tratamiento de las enfermedades y problemas clínicos frecuentes en ámbito ambulatorio, urgencias, hospitalización.", "sigla": "APE4", "descripcion": "Establece un Plan de manejo integral y seguimiento, trabaja en equipo, hace el tratamiento de las enfermedades y problemas clínicos frecuentes en ámbito ambulatorio, urgencias, hospitalización."}}, {"model": "rubricas.ape", "pk": 507, "fields": {"nombre_corto": "Dinámicas familiares", "nombre_largo": "Identifica y trabaja para mejorar factores de riesgo o alteraciones de la dinámica y estructura familiar o social, que repercutan en el estado de salud.", "sigla": "APE5", "descripcion": "Identifica y trabaja para mejorar factores de riesgo o alteraciones de la dinámica y estructura familiar o social, que repercutan en el estado de salud."}}, {"model": "rubricas.ape", "pk": 508, "fields": {"nombre_corto": "Comunicación", "nombre_largo": "Se comunica adecuadamente y educa sobre las recomendaciones para la promoción y mantenimiento de la salud del paciente, familia y comunidad.", "sigla": "APE6", "descripcion": "Se comunica adecuadamente y educa sobre las recomendaciones para la promoción y mantenimiento de la salud del paciente, familia y comunidad."}}, {"model": "rubricas.ape", "pk": 509, "fields": {"nombre_corto": "Procedimientos pedriatría", "nombre_largo": "Puede hacer los procedimientos básicos de un pediatra general.", "sigla": "APE7", "descripcion": "Puede hacer los procedimientos básicos de un pediatra general."}}, {"model": "rubricas.ape", "pk": 510, "fields": {"nombre_corto": "Documentación", "nombre_largo": "Documenta de manera adecuada, eficiente y razonada la atención del paciente en la historia clínica. Demuestra capacidad de síntesis y razonamiento clínico, se comunica y elabora informes para garantizar la calidad, seguridad, continuidad de la atención.", "sigla": "APE8", "descripcion": "Documenta de manera adecuada, eficiente y razonada la atención del paciente en la historia clínica. Demuestra capacidad de síntesis y razonamiento clínico, se comunica y elabora informes para garantizar la calidad, seguridad, continuidad de la atención."}}, {"model": "rubricas.ape", "pk": 511, "fields": {"nombre_corto": "Práctica clínica", "nombre_largo": "Realiza una práctica clínica crítica y reflexiva, identificando problemas o inconsistencias que soluciona con base en la evidencia científica.", "sigla": "APE9", "descripcion": "Realiza una práctica clínica crítica y reflexiva, identificando problemas o inconsistencias que soluciona con base en la evidencia científica."}}, {"model": "rubricas.ape", "pk": 512, "fields": {"nombre_corto": "Trabajo en equipo", "nombre_largo": "Trabaja en equipo y realiza una práctica interdisciplinaria, coordina con los involucrados para garantizar la calidad, seguridad, continuidad en la atención en la institución y en el sistema de salud. Realiza interconsultas, referencia y contrareferencia. ", "sigla": "APE10", "descripcion": "Trabaja en equipo y realiza una práctica interdisciplinaria, coordina con los involucrados para garantizar la calidad, seguridad, continuidad en la atención en la institución y en el sistema de salud. Realiza interconsultas, referencia y contrareferencia. "}}, {"model": "rubricas.ape", "pk": 513, "fields": {"nombre_corto": "Tratamiento enfermedades y problemas", "nombre_largo": "Identifica, puede Iniciar el estudio y tratamiento de las enfermedades y problemas clínicos complejos frecuentes, conoce sus limitaciones, sabe remitirlos.", "sigla": "APE11", "descripcion": "Identifica, puede Iniciar el estudio y tratamiento de las enfermedades y problemas clínicos complejos frecuentes, conoce sus limitaciones, sabe remitirlos."}}, {"model": "rubricas.ape", "pk": 514, "fields": {"nombre_corto": "Urgencias", "nombre_largo": "Identifica los pacientes que requieren atención de urgencia y hace el manejo adecuado.", "sigla": "APE12", "descripcion": "Identifica los pacientes que requieren atención de urgencia y hace el manejo adecuado."}}, {"model": "rubricas.ape", "pk": 515, "fields": {"nombre_corto": "Neonatos", "nombre_largo": "Puede recibir, evaluar, estabilizar y dar los cuidados iniciales a un recién nacido, incluida la educación a la madre.", "sigla": "APE13", "descripcion": "Puede recibir, evaluar, estabilizar y dar los cuidados iniciales a un recién nacido, incluida la educación a la madre."}}, {"model": "rubricas.ape", "pk": 516, "fields": {"nombre_corto": "Reanimación", "nombre_largo": "Puede dar soporte vital avanzado y realizar reanimación de pacientes pediátricos.", "sigla": "APE14", "descripcion": "Puede dar soporte vital avanzado y realizar reanimación de pacientes pediátricos."}}, {"model": "rubricas.rubrica", "pk": 6, "fields": {"nombre": "Rúbrica de Enfermería Piso", "nombre_interno": "Rúbrica de Enfermería Piso", "descripcion": "Desempeño del residente en rotación según el/la jefe de enfermería del piso", "comentarios": "Rúbrica de prueba", "debe_tener_procedimientos": true, "debe_tener_patologias": true, "patologias": [], "procedimientos": [], "apes": [], "competencias": []}}, {"model": "rubricas.rubrica", "pk": 36, "fields": {"nombre": "Rúbrica de Enfermería Piso", "nombre_interno": "Rúbrica de Enfermería Piso", "descripcion": "Desempeño del residente en rotación según el/la jefe de enfermería del piso", "comentarios": "Rúbrica de prueba", "debe_tener_procedimientos": true, "debe_tener_patologias": true, "patologias": [183, 184], "procedimientos": [326, 331], "apes": [], "competencias": []}}, {"model": "rubricas.rubricaseccion", "pk": 36, "fields": {"secciones": [73]}}, {"model": "rubricas.criterio", "pk": 69, "fields": {"nombre_interno": "Historia clínica", "descripcion": "Hace una historia clínica completa y detallada del paciente pediátrico. Identifica y prioriza los diagnósticos diferenciales, conoce y usa adecuadamente las pruebas diagnosticas indicadas.", "rubrica": 36, "numero": 1, "apes": [503, 504, 505], "competencias": [109, 111]}}, {"model": "rubricas.criterio", "pk": 70, "fields": {"nombre_interno": "Registro valores", "descripcion": "Toma valores antropométricos, analiza percentil; valora el estado nutricional, la alimentación, salud bucal los hábitos y practica, hace evaluación ocular, auditiva, identificación sexual.", "rubrica": 36, "numero": 2, "apes": [503, 504, 505, 506, 509], "competencias": [109, 110]}}, {"model": "rubricas.nivelcriterio", "pk": 273, "fields": {"nombre": "No está preparado", "criterio": 69, "descripcion": "Información es insuficiente o exhaustiva. A veces omite datos relevantes o se desvía del problema principal. El examen físico es incompleto u omite detalles relevantes para el problema principal. ", "puntos": 0, "numero": 1}}, {"model": "rubricas.nivelcriterio", "pk": 274, "fields": {"nombre": "Aceptable", "criterio": 69, "descripcion": "La información es completa, cronológica y estructurada, describe el estado del paciente y los hallazgos principales. Conoce e interpreta las pruebas diagnosticas esenciales. Tiene en cuenta riesgos, beneficios y las preferencias del paciente.", "puntos": 0, "numero": 2}}, {"model": "rubricas.nivelcriterio", "pk": 275, "fields": {"nombre": "Lo hace bien", "criterio": 69, "descripcion": "Lorem Ipsum is simply dummy text of the printing and typesetting industry. Lorem Ipsum has been the industry's standard dummy text ever since the 1500s, when an unknown printer took a galley of type and scrambled it to make a type specimen book.", "puntos": 8, "numero": 3}}, {"model": "rubricas.nivelcriterio", "pk": 276, "fields": {"nombre": "Ejemplar", "criterio": 69, "descripcion": "La información es completa, cronológica y estructurada, describe el estado del paciente y los hallazgos principales, hace un plan de estudio razonado, coherente. Conoce, prioriza e interpreta las pruebas diagnosticas, las usa para el diagnostico, gravedad y seguimiento. Tiene en cuenta riesgos, beneficios y las preferencias del paciente.", "puntos": 10, "numero": 4}}, {"model": "rubricas.nivelcriterio", "pk": 277, "fields": {"nombre": "No está preparado", "criterio": 70, "descripcion": "Falla en la evaluación de valores antropométricos y percentil. No tiene en cuenta o es incompleta la valoración del estado nutricional, la alimentación, salud bucal, ocular, auditiva, identificación sexual.", "puntos": 0, "numero": 1}}, {"model": "rubricas.nivelcriterio", "pk": 278, "fields": {"nombre": "Aceptable", "criterio": 70, "descripcion": "Tiene en cuenta valores antropométricos, analiza percentil; hace una valoración aceptable del estado nutricional, la alimentación, salud boca, ocular, auditiva, identificación sexual.", "puntos": 0, "numero": 2}}, {"model": "rubricas.nivelcriterio", "pk": 279, "fields": {"nombre": "Lo hace bien", "criterio": 70, "descripcion": "Lorem Ipsum is simply dummy text of the printing and typesetting industry. Lorem Ipsum has been the industry's standard dummy text ever since the 1500s, when an unknown printer took a galley of type and scrambled it to make a type specimen book.", "puntos": 8, "numero": 3}}, {"model": "rubricas.nivelcriterio", "pk": 280, "fields": {"nombre": "Ejemplar", "criterio": 70, "descripcion": "Toma valores antropométricos, analiza percentil; valora el estado de salud: nutricional, la alimentación, salud bucal los hábitos y practica, hace evaluación ocular (movimiento, fijación, etc.), auditiva, identificación sexual.", "puntos": 10, "numero": 4}}, {"model": "rubricas.itemcalificacion", "pk": 205, "fields": {"nombre": "Rúbrica de Enfermería Piso - Semana 1", "peso": 10.0, "rubrica": 36}}, {"model": "rubricas.itemcalificacion", "pk": 206, "fields": {"nombre": "Rúbrica de Enfermería Piso - Semana 2", "peso": 10.0, "rubrica": 36}}, {"model": "rubricas.itemcalificacion", "pk": 207, "fields": {"nombre": "Rúbrica de Enfermería Piso - Semana 3", "peso": 10.0, "rubrica": 36}}, {"model": "rubricas.itemcalificacion", "pk": 208, "fields": {"nombre": "Rúbrica de Enfermería Piso - Semana 1", "peso": 10.0, "rubrica": 36}}, {"model": "rubricas.itemcalificacion", "pk": 209, "fields": {"nombre": "Rúbrica de Enfermería Piso - Semana 2", "peso": 10.0, "rubrica": 36}}, {"model": "rubricas.itemcalificacion", "pk": 210, "fields": {"nombre": "Rúbrica de Enfermería Piso - Semana 3", "peso": 10.0, "rubrica": 36}}, {"model": "rubricas.itemcalificacioncurso", "pk": 205, "fields": {"curso": 37}}, {"model": "rubricas.itemcalificacioncurso", "pk": 206, "fields": {"curso": 37}}, {"model": "rubricas.itemcalificacioncurso", "pk": 207, "fields": {"curso": 37}}, {"model": "rubricas.itemcalificacionseccion", "pk": 208, "fields": {"seccion": 73}}, {"model": "rubricas.itemcalificacionseccion", "pk": 209, "fields": {"seccion": 73}}, {"model": "rubricas.itemcalificacionseccion", "pk": 210, "fields": {"seccion": 73}}]